{"magn_field":{"0":0.5,"1":0.51,"2":0.52,"3":0.53,"4":0.54,"5":0.55,"6":0.56,"7":0.57,"8":0.58,"9":0.59,"10":0.6,"11":0.61,"12":0.62,"13":0.63,"14":0.64,"15":0.65,"16":0.66,"17":0.67,"18":0.68,"19":0.69,"20":0.7,"21":0.71,"22":0.72,"23":0.73,"24":0.74,"25":0.75,"26":0.76,"27":0.77,"28":0.78,"29":0.79,"30":0.8},"energy":{"0":14880.0490049005,"1":14700.1210121012,"2":14522.1922192219,"3":14342.2642264226,"4":14166.3346334633,"5":13988.4058405841,"6":13814.4754475448,"7":13640.5450545055,"8":13468.6138613861,"9":13296.6826682668,"10":13126.7506750675,"11":12958.8178817882,"12":12792.8842884288,"13":12628.9498949895,"14":12465.0155015502,"15":12303.0803080308,"16":12145.1435143514,"17":11985.2075207521,"18":11829.2699269927,"19":11675.3315331533,"20":11523.3923392339,"21":11371.4531453145,"22":11223.5123512351,"23":11075.5715571557,"24":10931.6291629163,"25":10787.6867686769,"26":10645.7435743574,"27":10505.799579958,"28":10367.8547854785,"29":10231.9091909191,"30":10097.9627962796},"delta":{"0":0.0000015374,"1":0.0000015753,"2":0.000001614,"3":0.0000016565,"4":0.0000016973,"5":0.0000017419,"6":0.0000017848,"7":0.0000018317,"8":0.0000018768,"9":0.0000019261,"10":0.0000019768,"11":0.0000020287,"12":0.0000020821,"13":0.0000021368,"14":0.000002193,"15":0.0000022507,"16":0.0000023098,"17":0.0000023706,"18":0.0000024329,"19":0.0000025009,"20":0.0000025667,"21":0.0000026341,"22":0.0000027034,"23":0.000002779,"24":0.0000028521,"25":0.000002927,"26":0.000003004,"27":0.000003088,"28":0.0000031692,"29":0.0000032525,"30":0.0000033435},"atten":{"0":0.0208889,"1":0.0205424,"2":0.0201922,"3":0.0198149,"4":0.0194582,"5":0.0190747,"6":0.018713,"7":0.0183253,"8":0.0179359,"9":0.0175698,"10":0.0171788,"11":0.0167877,"12":0.0163968,"13":0.0160066,"14":0.0156178,"15":0.0152328,"16":0.014851,"17":0.0144482,"18":0.0140719,"19":0.0136989,"20":0.0133296,"21":0.0129414,"22":0.0125805,"23":0.0122243,"24":0.011851,"25":0.0115051,"26":0.0111646,"27":0.0108089,"28":0.0104802,"29":0.0101575,"30":0.00982131}}