{"magn_field":{"0":0.5,"1":0.51,"2":0.52,"3":0.53,"4":0.54,"5":0.55,"6":0.56,"7":0.57,"8":0.58,"9":0.59,"10":0.6,"11":0.61,"12":0.62,"13":0.63,"14":0.64,"15":0.65,"16":0.66,"17":0.67,"18":0.68,"19":0.69,"20":0.7,"21":0.71,"22":0.72,"23":0.73,"24":0.74,"25":0.75,"26":0.76,"27":0.77,"28":0.78,"29":0.79,"30":0.8,"31":0.81,"32":0.82,"33":0.83,"34":0.84,"35":0.85,"36":0.86,"37":0.87,"38":0.88,"39":0.89,"40":0.9,"41":0.91,"42":0.92,"43":0.93,"44":0.94,"45":0.95,"46":0.96,"47":0.97,"48":0.98,"49":0.99,"50":1.0},"energy":{"0":14880.0490049005,"1":14700.1210121012,"2":14522.1922192219,"3":14342.2642264226,"4":14166.3346334633,"5":13988.4058405841,"6":13814.4754475448,"7":13640.5450545055,"8":13468.6138613861,"9":13296.6826682668,"10":13126.7506750675,"11":12958.8178817882,"12":12792.8842884288,"13":12628.9498949895,"14":12465.0155015502,"15":12303.0803080308,"16":12145.1435143514,"17":11985.2075207521,"18":11829.2699269927,"19":11675.3315331533,"20":11523.3923392339,"21":11371.4531453145,"22":11223.5123512351,"23":11075.5715571557,"24":10931.6291629163,"25":10787.6867686769,"26":10645.7435743574,"27":10505.799579958,"28":10367.8547854785,"29":10231.9091909191,"30":10097.9627962796,"31":9966.0156015602,"32":9836.0676067607,"33":9708.1188118812,"34":9580.1700170017,"35":9456.2196219622,"36":9332.2692269227,"37":9212.3172317232,"38":9092.3652365237,"39":8974.4124412441,"40":8858.4588458846,"41":8744.504450445,"42":8630.5500550055,"43":8520.5940594059,"44":8410.6380638064,"45":8302.6812681268,"46":8196.7236723672,"47":8092.7652765277,"48":7988.8068806881,"49":7888.8468846885,"50":7788.8868886889},"delta":{"0":0.0000015374,"1":0.0000015753,"2":0.000001614,"3":0.0000016565,"4":0.0000016973,"5":0.0000017419,"6":0.0000017848,"7":0.0000018317,"8":0.0000018768,"9":0.0000019261,"10":0.0000019768,"11":0.0000020287,"12":0.0000020821,"13":0.0000021368,"14":0.000002193,"15":0.0000022507,"16":0.0000023098,"17":0.0000023706,"18":0.0000024329,"19":0.0000025009,"20":0.0000025667,"21":0.0000026341,"22":0.0000027034,"23":0.000002779,"24":0.0000028521,"25":0.000002927,"26":0.000003004,"27":0.000003088,"28":0.0000031692,"29":0.0000032525,"30":0.0000033435,"31":0.0000034344,"32":0.000003521,"33":0.0000036199,"34":0.0000037112,"35":0.0000038154,"36":0.0000039116,"37":0.0000040103,"38":0.0000041229,"39":0.0000042269,"40":0.0000043456,"41":0.0000044552,"42":0.0000045803,"43":0.0000046959,"44":0.0000048144,"45":0.0000049495,"46":0.0000050744,"47":0.0000052025,"48":0.0000053486,"49":0.0000054836,"50":0.0000056219},"atten":{"0":0.0208889,"1":0.0205424,"2":0.0201922,"3":0.0198149,"4":0.0194582,"5":0.0190747,"6":0.018713,"7":0.0183253,"8":0.0179359,"9":0.0175698,"10":0.0171788,"11":0.0167877,"12":0.0163968,"13":0.0160066,"14":0.0156178,"15":0.0152328,"16":0.014851,"17":0.0144482,"18":0.0140719,"19":0.0136989,"20":0.0133296,"21":0.0129414,"22":0.0125805,"23":0.0122243,"24":0.011851,"25":0.0115051,"26":0.0111646,"27":0.0108089,"28":0.0104802,"29":0.0101575,"30":0.00982131,"31":0.00950193,"32":0.00921286,"33":0.00889838,"34":0.0086215,"35":0.00832077,"36":0.0080564,"37":0.00776969,"38":0.00751805,"39":0.00724553,"40":0.00700662,"41":0.0067738,"42":0.00652215,"43":0.006302,"44":0.00606435,"45":0.00585682,"46":0.00565654,"47":0.00546187,"48":0.00525219,"49":0.00506953,"50":0.00489224},"intensity":{"0":1607659006459904.0,"1":1793900733792256.0,"2":1935339509776384.0,"3":2210121719480320.0,"4":2362407838023680.0,"5":2681560146903040.0,"6":2887431888044032.0,"7":3161548243599360.0,"8":3390937078169600.0,"9":3752003436019712.0,"10":4064449958772736.0,"11":4372565543878656.0,"12":4668563952500736.0,"13":4884915950714880.0,"14":5321847268704256.0,"15":5693396836417536.0,"16":5745897979772928.0,"17":6398484437532672.0,"18":6749485271089152.0,"19":7064646750044160.0,"20":7280980494647296.0,"21":7845182431035392.0,"22":8044442606895104.0,"23":8572599030251520.0,"24":8596598233759744.0,"25":9163950528659456.0,"26":9632483142270976.0,"27":1.003681136e+16,"28":1.040719538e+16,"29":1.076331689e+16,"30":1.110701091e+16,"31":1.141281366e+16,"32":1.161592051e+16,"33":1.159989492e+16,"34":1.243990033e+16,"35":1.2363029e+16,"36":1.303872936e+16,"37":1.243478824e+16,"38":1.304347208e+16,"39":1.340718065e+16,"40":1.352826651e+16,"41":1.328439075e+16,"42":1.464336995e+16,"43":1.399628051e+16,"44":1.485114758e+16,"45":1.52692809e+16,"46":1.541183731e+16,"47":1.512803768e+16,"48":1.612232905e+16,"49":1.512895895e+16,"50":1.557214589e+16}}