{"magn_field":{"0":0.8,"1":0.81,"2":0.82,"3":0.83,"4":0.84,"5":0.85,"6":0.86,"7":0.87,"8":0.88,"9":0.89,"10":0.9,"11":0.91,"12":0.92,"13":0.93,"14":0.94,"15":0.95,"16":0.96,"17":0.97,"18":0.98,"19":0.99,"20":1.0},"energy":{"0":10097.9627962796,"1":9966.0156015602,"2":9836.0676067607,"3":9708.1188118812,"4":9580.1700170017,"5":9456.2196219622,"6":9332.2692269227,"7":9212.3172317232,"8":9092.3652365237,"9":8974.4124412441,"10":8858.4588458846,"11":8744.504450445,"12":8630.5500550055,"13":8520.5940594059,"14":8410.6380638064,"15":8302.6812681268,"16":8196.7236723672,"17":8092.7652765277,"18":7988.8068806881,"19":7888.8468846885,"20":7788.8868886889},"delta":{"0":0.0000033435,"1":0.0000034344,"2":0.000003521,"3":0.0000036199,"4":0.0000037112,"5":0.0000038154,"6":0.0000039116,"7":0.0000040103,"8":0.0000041229,"9":0.0000042269,"10":0.0000043456,"11":0.0000044552,"12":0.0000045803,"13":0.0000046959,"14":0.0000048144,"15":0.0000049495,"16":0.0000050744,"17":0.0000052025,"18":0.0000053486,"19":0.0000054836,"20":0.0000056219},"atten":{"0":0.00982131,"1":0.00950193,"2":0.00921286,"3":0.00889838,"4":0.0086215,"5":0.00832077,"6":0.0080564,"7":0.00776969,"8":0.00751805,"9":0.00724553,"10":0.00700662,"11":0.0067738,"12":0.00652215,"13":0.006302,"14":0.00606435,"15":0.00585682,"16":0.00565654,"17":0.00546187,"18":0.00525219,"19":0.00506953,"20":0.00489224}}