{"magn_field":{"0":0.6,"1":0.675,"2":0.75,"3":0.825,"4":0.9},"energy":{"0":13126.7506750675,"1":11907.2387238724,"2":10787.6867686769,"3":9772.0932093209,"4":8858.4588458846},"delta":{"0":0.0000019768,"1":0.0000024015,"2":0.000002927,"3":0.0000035701,"4":0.0000043456},"atten":{"0":0.0171788,"1":0.0142597,"2":0.0115051,"3":0.00905473,"4":0.00700662}}