{"magn_field":{"0":0.5,"1":0.525,"2":0.55,"3":0.575,"4":0.6,"5":0.625,"6":0.65,"7":0.675,"8":0.7,"9":0.725,"10":0.75,"11":0.775,"12":0.8,"13":0.825,"14":0.85,"15":0.875,"16":0.9,"17":0.925,"18":0.95,"19":0.975,"20":1.0},"energy":{"0":14880.0490049005,"1":14432.2282228223,"2":13988.4058405841,"3":13554.5794579458,"4":13126.7506750675,"5":12710.9170917092,"6":12303.0803080308,"7":11907.2387238724,"8":11523.3923392339,"9":11149.5419541954,"10":10787.6867686769,"11":10437.8267826783,"12":10097.9627962796,"13":9772.0932093209,"14":9456.2196219622,"15":9152.3412341234,"16":8858.4588458846,"17":8574.5724572457,"18":8302.6812681268,"19":8040.7860786079,"20":7788.8868886889},"delta":{"0":0.0000015374,"1":0.0000016351,"2":0.0000017419,"3":0.0000018526,"4":0.0000019768,"5":0.0000021093,"6":0.0000022507,"7":0.0000024015,"8":0.0000025667,"9":0.0000027387,"10":0.000002927,"11":0.0000031283,"12":0.0000033435,"13":0.0000035701,"14":0.0000038154,"15":0.0000040662,"16":0.0000043456,"17":0.0000046313,"18":0.0000049495,"19":0.000005275,"20":0.0000056219},"atten":{"0":0.0208889,"1":0.020004,"2":0.0190747,"3":0.0181307,"4":0.0171788,"5":0.0162016,"6":0.0152328,"7":0.0142597,"8":0.0133296,"9":0.0124018,"10":0.0115051,"11":0.0106438,"12":0.00982131,"13":0.00905473,"14":0.00832077,"15":0.00765709,"16":0.00700662,"17":0.00639912,"18":0.00585682,"19":0.00535614,"20":0.00489224}}